<lumiere>
	<label>A</label>
	<amplitude wavelength = "380">0.006121938</amplitude>
	<amplitude wavelength = "384">0.006674188</amplitude>
	<amplitude wavelength = "388">0.007256888</amplitude>
	<amplitude wavelength = "392">0.007870563</amplitude>
	<amplitude wavelength = "396">0.00851565</amplitude>
	<amplitude wavelength = "400">0.0091925</amplitude>
	<amplitude wavelength = "404">0.0099125</amplitude>
	<amplitude wavelength = "408">0.010665238</amplitude>
	<amplitude wavelength = "412">0.011450913</amplitude>
	<amplitude wavelength = "416">0.012269725</amplitude>
	<amplitude wavelength = "420">0.013121875</amplitude>
	<amplitude wavelength = "424">0.014018525</amplitude>
	<amplitude wavelength = "428">0.014948663</amplitude>
	<amplitude wavelength = "432">0.015912213</amplitude>
	<amplitude wavelength = "436">0.016909088</amplitude>
	<amplitude wavelength = "440">0.017939188</amplitude>
	<amplitude wavelength = "444">0.019013238</amplitude>
	<amplitude wavelength = "448">0.020119913</amplitude>
	<amplitude wavelength = "452">0.021258913</amplitude>
	<amplitude wavelength = "456">0.022429913</amplitude>
	<amplitude wavelength = "460">0.023632563</amplitude>
	<amplitude wavelength = "464">0.024876613</amplitude>
	<amplitude wavelength = "468">0.026151038</amplitude>
	<amplitude wavelength = "472">0.027455338</amplitude>
	<amplitude wavelength = "476">0.028788988</amplitude>
	<amplitude wavelength = "480">0.030151438</amplitude>
	<amplitude wavelength = "484">0.031551188</amplitude>
	<amplitude wavelength = "488">0.0329779</amplitude>
	<amplitude wavelength = "492">0.034430925</amplitude>
	<amplitude wavelength = "496">0.035909588</amplitude>
	<amplitude wavelength = "500">0.037413188</amplitude>
	<amplitude wavelength = "504">0.038948638</amplitude>
	<amplitude wavelength = "508">0.040506813</amplitude>
	<amplitude wavelength = "512">0.042086938</amplitude>
	<amplitude wavelength = "516">0.043688238</amplitude>
	<amplitude wavelength = "520">0.045309938</amplitude>
	<amplitude wavelength = "524">0.046957138</amplitude>
	<amplitude wavelength = "528">0.0486223</amplitude>
	<amplitude wavelength = "532">0.05030455</amplitude>
	<amplitude wavelength = "536">0.052003025</amplitude>
	<amplitude wavelength = "540">0.053716875</amplitude>
	<amplitude wavelength = "544">0.055449575</amplitude>
	<amplitude wavelength = "548">0.0571951</amplitude>
	<amplitude wavelength = "552">0.058952575</amplitude>
	<amplitude wavelength = "556">0.06072115</amplitude>
	<amplitude wavelength = "560">0.0625</amplitude>
	<amplitude wavelength = "564">0.064291</amplitude>
	<amplitude wavelength = "568">0.0660895</amplitude>
	<amplitude wavelength = "572">0.06789475</amplitude>
	<amplitude wavelength = "576">0.069706</amplitude>
	<amplitude wavelength = "580">0.0715225</amplitude>
	<amplitude wavelength = "584">0.0733445</amplitude>
	<amplitude wavelength = "588">0.075169125</amplitude>
	<amplitude wavelength = "592">0.076995625</amplitude>
	<amplitude wavelength = "596">0.078823375</amplitude>
	<amplitude wavelength = "600">0.080651875</amplitude>
	<amplitude wavelength = "604">0.082478875</amplitude>
	<amplitude wavelength = "608">0.084304</amplitude>
	<amplitude wavelength = "612">0.08612675</amplitude>
	<amplitude wavelength = "616">0.08794625</amplitude>
	<amplitude wavelength = "620">0.08976125</amplitude>
	<amplitude wavelength = "624">0.09156975</amplitude>
	<amplitude wavelength = "628">0.09337225</amplitude>
	<amplitude wavelength = "632">0.095168</amplitude>
	<amplitude wavelength = "636">0.096956375</amplitude>
	<amplitude wavelength = "640">0.098736875</amplitude>
	<amplitude wavelength = "644">0.100505375</amplitude>
	<amplitude wavelength = "648">0.1022645</amplitude>
	<amplitude wavelength = "652">0.104013</amplitude>
	<amplitude wavelength = "656">0.105750375</amplitude>
	<amplitude wavelength = "660">0.107476875</amplitude>
	<amplitude wavelength = "664">0.109186875</amplitude>
	<amplitude wavelength = "668">0.110884125</amplitude>
	<amplitude wavelength = "672">0.112567875</amplitude>
	<amplitude wavelength = "676">0.114237625</amplitude>
	<amplitude wavelength = "680">0.115893125</amplitude>
	<amplitude wavelength = "684">0.117529125</amplitude>
	<amplitude wavelength = "688">0.119149375</amplitude>
	<amplitude wavelength = "692">0.120753625</amplitude>
	<amplitude wavelength = "696">0.122341625</amplitude>
	<amplitude wavelength = "700">0.123913125</amplitude>
	<amplitude wavelength = "704">0.125462125</amplitude>
	<amplitude wavelength = "708">0.126993125</amplitude>
	<amplitude wavelength = "712">0.128506125</amplitude>
	<amplitude wavelength = "716">0.130001125</amplitude>
	<amplitude wavelength = "720">0.131478125</amplitude>
	<amplitude wavelength = "724">0.132929625</amplitude>
	<amplitude wavelength = "728">0.134362</amplitude>
	<amplitude wavelength = "732">0.135775</amplitude>
	<amplitude wavelength = "736">0.137168375</amplitude>
	<amplitude wavelength = "740">0.138541875</amplitude>
	<amplitude wavelength = "744">0.139888875</amplitude>
	<amplitude wavelength = "748">0.14121525</amplitude>
	<amplitude wavelength = "752">0.14252125</amplitude>
	<amplitude wavelength = "756">0.143806875</amplitude>
	<amplitude wavelength = "760">0.145071875</amplitude>
	<amplitude wavelength = "764">0.146308875</amplitude>
	<amplitude wavelength = "768">0.14752525</amplitude>
	<amplitude wavelength = "772">0.1487205</amplitude>
	<amplitude wavelength = "776">0.149894375</amplitude>
	<amplitude wavelength = "780">0.151046875</amplitude>
</lumiere>