<lumiere>
	<label>D65</label>
	<amplitude wavelength = "380">0.017491425</amplitude>
	<amplitude wavelength = "384">0.018145589</amplitude>
	<amplitude wavelength = "388">0.018799774</amplitude>
	<amplitude wavelength = "392">0.021094332</amplitude>
	<amplitude wavelength = "396">0.025029263</amplitude>
	<amplitude wavelength = "400">0.028964215</amplitude>
	<amplitude wavelength = "404">0.030186555</amplitude>
	<amplitude wavelength = "408">0.031408916</amplitude>
	<amplitude wavelength = "412">0.032156306</amplitude>
	<amplitude wavelength = "416">0.032428718</amplitude>
	<amplitude wavelength = "420">0.03270113</amplitude>
	<amplitude wavelength = "424">0.031756186</amplitude>
	<amplitude wavelength = "428">0.030811263</amplitude>
	<amplitude wavelength = "432">0.031611587</amplitude>
	<amplitude wavelength = "436">0.034157158</amplitude>
	<amplitude wavelength = "440">0.03670275</amplitude>
	<amplitude wavelength = "444">0.03840263</amplitude>
	<amplitude wavelength = "448">0.04010272</amplitude>
	<amplitude wavelength = "452">0.04100908</amplitude>
	<amplitude wavelength = "456">0.04112164</amplitude>
	<amplitude wavelength = "460">0.0412342</amplitude>
	<amplitude wavelength = "464">0.04082092</amplitude>
	<amplitude wavelength = "468">0.04040785</amplitude>
	<amplitude wavelength = "472">0.04027569</amplitude>
	<amplitude wavelength = "476">0.04042437</amplitude>
	<amplitude wavelength = "480">0.04057305</amplitude>
	<amplitude wavelength = "484">0.03957737</amplitude>
	<amplitude wavelength = "488">0.03858169</amplitude>
	<amplitude wavelength = "492">0.03812179</amplitude>
	<amplitude wavelength = "496">0.03819774</amplitude>
	<amplitude wavelength = "500">0.0382739</amplitude>
	<amplitude wavelength = "504">0.03805662</amplitude>
	<amplitude wavelength = "508">0.03783934</amplitude>
	<amplitude wavelength = "512">0.03751986</amplitude>
	<amplitude wavelength = "516">0.03709818</amplitude>
	<amplitude wavelength = "520">0.0366765</amplitude>
	<amplitude wavelength = "524">0.03708222</amplitude>
	<amplitude wavelength = "528">0.03748815</amplitude>
	<amplitude wavelength = "532">0.03746127</amplitude>
	<amplitude wavelength = "536">0.03700151</amplitude>
	<amplitude wavelength = "540">0.03654175</amplitude>
	<amplitude wavelength = "544">0.03649135</amplitude>
	<amplitude wavelength = "548">0.03644116</amplitude>
	<amplitude wavelength = "552">0.03613288</amplitude>
	<amplitude wavelength = "556">0.03556644</amplitude>
	<amplitude wavelength = "560">0.035</amplitude>
	<amplitude wavelength = "564">0.034486788</amplitude>
	<amplitude wavelength = "568">0.033973576</amplitude>
	<amplitude wavelength = "572">0.033678736</amplitude>
	<amplitude wavelength = "576">0.033602268</amplitude>
	<amplitude wavelength = "580">0.0335258</amplitude>
	<amplitude wavelength = "584">0.032531464</amplitude>
	<amplitude wavelength = "588">0.031537128</amplitude>
	<amplitude wavelength = "592">0.031132402</amplitude>
	<amplitude wavelength = "596">0.031317286</amplitude>
	<amplitude wavelength = "600">0.03150217</amplitude>
	<amplitude wavelength = "604">0.031445162</amplitude>
	<amplitude wavelength = "608">0.031388175</amplitude>
	<amplitude wavelength = "612">0.031226657</amplitude>
	<amplitude wavelength = "616">0.030960601</amplitude>
	<amplitude wavelength = "620">0.030694545</amplitude>
	<amplitude wavelength = "624">0.030077117</amplitude>
	<amplitude wavelength = "628">0.02945971</amplitude>
	<amplitude wavelength = "632">0.029179752</amplitude>
	<amplitude wavelength = "636">0.029237236</amplitude>
	<amplitude wavelength = "640">0.02929472</amplitude>
	<amplitude wavelength = "644">0.028780584</amplitude>
	<amplitude wavelength = "648">0.028266448</amplitude>
	<amplitude wavelength = "652">0.028022526</amplitude>
	<amplitude wavelength = "656">0.028048818</amplitude>
	<amplitude wavelength = "660">0.02807511</amplitude>
	<amplitude wavelength = "664">0.028363958</amplitude>
	<amplitude wavelength = "668">0.028652806</amplitude>
	<amplitude wavelength = "672">0.028517678</amplitude>
	<amplitude wavelength = "676">0.027958574</amplitude>
	<amplitude wavelength = "680">0.02739947</amplitude>
	<amplitude wavelength = "684">0.02620065</amplitude>
	<amplitude wavelength = "688">0.025001851</amplitude>
	<amplitude wavelength = "692">0.024534601</amplitude>
	<amplitude wavelength = "696">0.024798893</amplitude>
	<amplitude wavelength = "700">0.025063185</amplitude>
	<amplitude wavelength = "704">0.025446757</amplitude>
	<amplitude wavelength = "708">0.02583035</amplitude>
	<amplitude wavelength = "712">0.02513</amplitude>
	<amplitude wavelength = "716">0.0233457</amplitude>
	<amplitude wavelength = "720">0.0215614</amplitude>
	<amplitude wavelength = "724">0.022720824</amplitude>
	<amplitude wavelength = "728">0.023880248</amplitude>
	<amplitude wavelength = "732">0.024824058</amplitude>
	<amplitude wavelength = "736">0.025552254</amplitude>
	<amplitude wavelength = "740">0.02628045</amplitude>
	<amplitude wavelength = "744">0.024671234</amplitude>
	<amplitude wavelength = "748">0.023062039</amplitude>
	<amplitude wavelength = "752">0.021055223</amplitude>
	<amplitude wavelength = "756">0.018650786</amplitude>
	<amplitude wavelength = "760">0.01624637</amplitude>
	<amplitude wavelength = "764">0.019100578</amplitude>
	<amplitude wavelength = "768">0.021954786</amplitude>
	<amplitude wavelength = "772">0.023142308</amplitude>
	<amplitude wavelength = "776">0.022663144</amplitude>
	<amplitude wavelength = "780">0.02218398</amplitude>
</lumiere>